Date,Low,High,Open,Close,Volumefrom,Volumeto
2019-08-05,10927.8,11937.52,10929.23,11828.8,59656.47,694027648.84
2019-08-06,11226.7,12330.7,11828.8,11481.69,69745.18,822100144.2
2019-08-07,11382.84,12141.17,11481.69,11975.03,63842.27,751757281.17
2019-08-08,11521.0,12060.0,11975.03,11999.77,47773.39,563880694.2
2019-08-09,11700.0,12045.68,11999.77,11879.99,36781.9,435691680.17
2019-08-10,11270.0,11985.0,11879.99,11309.31,39142.5,451950654.29
2019-08-11,11112.11,11599.98,11309.31,11549.97,24863.2,283145958.58
2019-08-12,11235.32,11577.89,11549.97,11396.08,16354.98,186502616.06
2019-08-13,10788.45,11456.16,11396.08,10892.71,30701.79,340946580.62
2019-08-14,9928.1,10897.48,10892.71,10050.37,49924.64,520584896.36
2019-08-15,9911.0,10460.0,10050.37,10293.93,34725.11,352588729.27
2019-08-16,9750.0,10536.03,10293.93,10331.54,47471.23,483608042.39
2019-08-17,10000.0,10465.14,10331.54,10216.02,26833.97,275590038.03
2019-08-18,10080.0,10500.0,10216.02,10306.78,22747.35,234692610.0
2019-08-19,10258.6,10930.0,10306.78,10915.54,34691.43,369061080.1
2019-08-20,10560.0,10949.96,10915.54,10760.51,30436.73,326679449.28
2019-08-21,9858.0,10804.13,10760.51,10142.57,43781.23,446418934.73
2019-08-22,9762.0,10242.0,10142.57,10099.88,31668.02,317436428.81
2019-08-23,10019.79,10445.0,10099.88,10389.55,25678.08,263492576.53
2019-08-24,9890.0,10419.42,10389.55,10134.35,25769.28,260543190.78
2019-08-25,9906.97,10333.0,10134.35,10142.69,24434.36,246592422.01
2019-08-26,10137.93,10604.0,10142.69,10372.25,38361.62,397764602.84
2019-08-27,10051.08,10391.08,10372.25,10185.05,26355.67,268512030.42
2019-08-28,9601.01,10299.0,10185.05,9721.0,38610.66,385261332.53
2019-08-29,9320.0,9724.0,9721.0,9498.44,32797.84,311851907.6
2019-08-30,9350.41,9696.0,9498.44,9584.54,25085.2,239190866.76
2019-08-31,9420.75,9684.51,9584.54,9587.47,16193.23,155146259.17
2019-09-01,9520.0,9830.0,9587.47,9724.98,18309.15,176584928.35
2019-09-02,9712.5,10450.0,9724.98,10340.0,41457.04,415332936.93
2019-09-03,10272.0,10773.0,10340.0,10615.28,43957.34,463005116.33
2019-09-04,10369.89,10799.0,10615.28,10567.02,40545.84,427677458.98
2019-09-05,10450.0,10900.0,10567.02,10564.49,30904.84,326332027.02
2019-09-06,10150.0,10905.87,10564.49,10298.73,53706.62,569923965.41
2019-09-07,10288.57,10558.0,10298.73,10455.88,26197.19,272829558.07
2019-09-08,10208.0,10592.5,10455.88,10381.18,22178.93,231134800.35
2019-09-09,10068.5,10480.0,10381.18,10303.12,37323.98,383906446.02
2019-09-10,9953.0,10384.99,10303.12,10098.15,26992.76,274796103.91
2019-09-11,9880.0,10293.0,10098.15,10158.33,29837.91,300337746.05
2019-09-12,10040.1,10448.81,10158.33,10415.01,32225.25,329961214.58
2019-09-13,10153.0,10439.0,10415.01,10342.06,28070.03,288910051.18
2019-09-14,10222.33,10419.99,10342.06,10335.02,22083.2,228166802.5
2019-09-15,10252.15,10360.0,10335.02,10302.01,17051.39,175594782.61
2019-09-16,10078.0,10355.0,10302.01,10251.31,26872.29,274873865.13
2019-09-17,10128.01,10275.0,10251.31,10187.82,21294.63,217407999.96
2019-09-18,10100.0,10258.02,10187.82,10156.99,22586.72,230086616.11
2019-09-19,9653.0,10325.0,10156.99,10244.29,41061.71,410110429.01
2019-09-20,10061.39,10281.0,10244.29,10168.59,23318.96,237217066.9
2019-09-21,9900.0,10176.7,10168.59,9986.39,18952.99,190086138.72
2019-09-22,9853.97,10089.0,9986.39,10028.87,20301.99,202683535.91
2019-09-23,9615.77,10049.99,10028.87,9702.25,29213.2,287640571.85
2019-09-24,8290.51,9794.99,9702.25,8694.23,41725.81,392194281.62
2019-09-25,8215.64,8730.0,8493.14,8430.05,55315.95,466357349.74
2019-09-26,7750.0,8465.99,8430.05,8063.73,61361.29,499478544.7
2019-09-27,7852.15,8265.0,8063.73,8177.91,40365.1,324537958.64
2019-09-28,8001.09,8315.0,8177.91,8198.81,32066.02,261065454.75
2019-09-29,7890.0,8229.13,8198.81,8043.82,29234.18,235105957.66
2019-09-30,7710.0,8337.26,8043.82,8289.34,51182.65,411517221.34
2019-10-01,8173.05,8500.0,8289.34,8292.44,40153.56,335252267.53
2019-10-02,8151.22,8373.91,8292.44,8359.94,24413.16,201237637.47
2019-10-03,8060.0,8393.0,8359.94,8223.96,28207.53,231589725.89
2019-10-04,8005.0,8232.41,8223.96,8137.13,24696.12,200851365.03
2019-10-05,8012.98,8183.41,8137.13,8126.19,20640.68,167001607.91
2019-10-06,7785.0,8153.87,8126.19,7854.25,31757.23,252282864.97
2019-10-07,7762.0,8299.92,7854.25,8190.09,47887.48,386089591.7
2019-10-08,8088.75,8325.0,8190.09,8168.39,32771.99,268701596.43
2019-10-09,8115.0,8670.0,8168.39,8560.74,50082.36,421071103.04
2019-10-10,8414.52,8644.0,8560.74,8558.03,36145.28,308412477.83
2019-10-11,8212.38,8779.51,8558.03,8258.5,45745.61,385175739.8
2019-10-12,8250.0,8400.0,8258.5,8300.09,20013.51,166663251.36
2019-10-13,8160.0,8451.37,8300.09,8275.01,25627.0,213726841.07
2019-10-14,8203.0,8388.85,8275.01,8348.2,27678.74,229828173.22
2019-10-15,8090.0,8403.0,8348.2,8159.29,30284.28,250195564.39
2019-10-16,7917.0,8181.16,8159.29,7991.74,31904.36,256827673.47
2019-10-17,7929.03,8124.92,7991.74,8070.58,27658.8,222282154.62
2019-10-18,7816.01,8115.0,8070.58,7947.01,28525.23,226487425.77
2019-10-19,7866.92,8098.1,7947.01,7948.01,24740.87,196888320.21
2019-10-20,7870.0,8297.0,7948.01,8223.35,31537.66,253740748.44
2019-10-21,8142.03,8333.0,8223.35,8197.27,28093.0,230762589.76
2019-10-22,8000.0,8297.99,8197.27,8020.0,32201.47,263517970.8
2019-10-23,7300.0,8047.59,8020.0,7466.62,57616.2,440228028.51
2019-10-24,7337.99,7503.68,7466.62,7412.41,30453.61,226438628.49
2019-10-25,7361.0,8706.07,7412.41,8655.02,64574.69,516465760.5
2019-10-26,8470.38,10060.21,8655.02,9230.0,94762.42,870703558.45
2019-10-27,9074.34,9794.98,9230.0,9529.93,85188.44,805559741.52
2019-10-28,9160.0,9902.1,9529.93,9205.14,72463.52,686169012.54
2019-10-29,9072.0,9550.0,9205.14,9407.62,58413.16,546851683.09
2019-10-30,9001.01,9409.84,9407.62,9154.72,50546.99,463555705.32
2019-10-31,8913.0,9405.0,9154.72,9140.85,49351.8,452162782.34
2019-11-01,9030.0,9279.0,9140.85,9231.61,40389.64,369467414.56
2019-11-02,9186.21,9373.74,9231.61,9289.52,26942.52,249752424.18
2019-11-03,9066.14,9362.57,9289.52,9194.71,25927.76,238575220.35
2019-11-04,9115.84,9513.68,9194.71,9393.35,42370.15,393950088.13
2019-11-05,9175.76,9454.95,9393.35,9308.66,42441.58,395605737.7
2019-11-06,9250.01,9440.91,9308.66,9339.05,34728.86,324254783.43
2019-11-07,9101.0,9375.0,9339.05,9216.2,28015.56,258787229.58
2019-11-08,8696.0,9261.0,9216.2,8773.73,56517.43,505609298.36
2019-11-09,8724.88,8880.0,8773.73,8809.41,27538.74,242717611.13
2019-11-10,8750.0,9147.19,8809.41,9039.47,31595.96,282028213.04
2019-11-11,8618.68,9072.32,9039.47,8733.27,41436.65,364270120.35
2019-11-12,8567.6,8888.0,8733.27,8821.94,37072.73,323934400.67
2019-11-13,8702.0,8844.99,8821.94,8777.12,25115.33,220199619.87
2019-11-14,8582.6,8800.0,8777.12,8646.68,30941.25,268210060.81
2019-11-15,8400.0,8790.0,8646.68,8471.73,42189.03,361320610.31
2019-11-16,8400.0,8543.0,8471.73,8491.02,19627.54,166423651.49
2019-11-17,8350.68,8635.0,8491.02,8502.4,24922.3,212250256.83
2019-11-18,8060.0,8503.52,8502.4,8187.17,39467.55,329185066.72
2019-11-19,8003.0,8218.63,8187.17,8133.64,40268.68,326811716.57
2019-11-20,8038.4,8264.29,8133.64,8098.01,30269.17,245542079.62
2019-11-21,7500.0,8134.73,8098.01,7627.74,53008.6,413133154.79
2019-11-22,6790.0,7750.0,7627.74,7268.23,112866.99,818575809.34
2019-11-23,7080.01,7344.48,7268.23,7311.57,47009.84,339596066.07
2019-11-24,6861.0,7330.39,7311.57,6903.28,62299.87,442318585.4
2019-11-25,6515.0,7377.69,6903.28,7109.57,108525.89,754412574.28
2019-11-26,7017.48,7340.0,7109.57,7156.14,60968.73,435622913.46
2019-11-27,6840.0,7655.0,7156.14,7508.52,83809.93,608828576.23
2019-11-28,7360.0,7643.0,7508.52,7419.49,52819.31,396692520.97
2019-11-29,7362.3,7850.0,7419.49,7739.68,55883.83,425900041.87
2019-11-30,7441.0,7810.0,7739.68,7541.89,43649.46,333265298.06
2019-12-01,7210.0,7541.89,7541.89,7390.89,55963.07,411216078.92
2019-12-02,7151.1,7420.56,7390.89,7294.28,42953.43,313290088.2
2019-12-03,7241.35,7400.0,7294.28,7292.71,30874.84,225746865.26
2019-12-04,7067.0,7750.0,7292.71,7194.32,75289.06,550966803.51
2019-12-05,7150.0,7485.0,7194.32,7389.0,54542.99,399811623.8
2019-12-06,7305.0,7590.03,7389.0,7527.47,44263.35,327777514.6
2019-12-07,7470.16,7619.62,7527.47,7488.21,29505.47,221999827.13
2019-12-08,7374.86,7564.0,7488.21,7510.11,27712.74,207276549.69
2019-12-09,7273.0,7650.0,7510.11,7338.64,42385.3,315932460.71
2019-12-10,7157.1,7407.6,7338.64,7224.13,45187.19,330005517.27
2019-12-11,7125.66,7275.5,7224.13,7210.0,27874.05,201092209.89
2019-12-12,7080.3,7295.0,7210.0,7198.08,38744.76,278210360.99
2019-12-13,7190.76,7309.05,7198.08,7258.48,25590.86,185220243.76
2019-12-14,7012.0,7271.77,7258.48,7064.05,27222.69,194322690.01
2019-12-15,7008.35,7200.3,7064.05,7118.59,24422.47,173388488.78
2019-12-16,6836.0,7150.0,7118.59,6891.72,39497.8,276979882.66
2019-12-17,6560.0,6942.21,6891.72,6623.82,48961.97,331013406.25
2019-12-18,6435.0,7440.0,6623.82,7277.83,85595.89,585228255.75
2019-12-19,7038.31,7380.0,7277.83,7150.3,50624.1,362421773.68
2019-12-20,7079.5,7220.0,7150.3,7187.83,29759.82,212871398.4
2019-12-21,7105.0,7190.58,7187.83,7132.75,18190.18,129946909.27
2019-12-22,7122.47,7518.54,7132.75,7501.44,35292.5,257466562.27
2019-12-23,7265.84,7695.38,7501.44,7317.09,60987.27,457728969.94
2019-12-24,7157.04,7436.68,7317.09,7255.77,39505.57,288361632.68
2019-12-25,7128.86,7271.77,7255.77,7204.63,25457.83,183604082.8
2019-12-26,7157.12,7435.0,7204.63,7202.0,33167.16,240801175.78
2019-12-27,7076.42,7275.86,7202.0,7254.74,30768.07,221540289.14
2019-12-28,7238.67,7365.01,7254.74,7316.14,25071.48,183325442.74
2019-12-29,7288.0,7528.45,7316.14,7388.24,29020.09,214230169.76
2019-12-30,7220.0,7408.24,7388.24,7246.0,27565.74,201597036.76
2019-12-31,7145.01,7320.0,7246.0,7195.23,24256.85,175254678.7
2020-01-01,7175.15,7255.0,7195.23,7200.85,15863.73,114510187.0
2020-01-02,6924.74,7212.5,7200.85,6965.71,28711.23,203113593.58
2020-01-03,6871.04,7405.0,6965.71,7344.96,61732.73,446708892.15
2020-01-04,7272.21,7404.0,7344.96,7354.11,27821.23,203985069.84
2020-01-05,7318.0,7495.0,7354.11,7358.75,34999.35,260108976.83
2020-01-06,7346.76,7795.34,7358.75,7758.0,49697.96,375953464.58
2020-01-07,7723.71,8207.68,7758.0,8145.28,81794.92,649686677.69
2020-01-08,7870.0,8455.0,8145.28,8055.98,100231.74,824509605.4
2020-01-09,7750.0,8055.98,8055.98,7817.76,58498.62,461938364.87
2020-01-10,7672.0,8199.0,7817.76,8197.02,74805.42,592502799.28
2020-01-11,8003.16,8286.34,8197.02,8020.01,50145.37,407130953.77
2020-01-12,7960.0,8197.0,8020.01,8184.98,35192.02,285515916.7
2020-01-13,8055.89,8196.0,8184.98,8110.34,28881.44,234189183.33
2020-01-14,8105.54,8880.0,8110.34,8810.01,107343.57,920676991.36
2020-01-15,8564.0,8916.48,8810.01,8821.41,76661.43,672219490.57
2020-01-16,8586.0,8859.81,8821.41,8720.01,47421.64,412049423.4
2020-01-17,8672.44,9041.65,8720.01,8913.28,64388.51,571745481.35
2020-01-18,8806.38,8988.88,8913.28,8915.96,35353.75,314671064.89
2020-01-19,8466.0,9198.98,8915.96,8701.7,63049.82,556820241.63
2020-01-20,8521.28,8746.99,8701.7,8642.35,35807.9,309740988.53
2020-01-21,8488.0,8789.0,8642.35,8736.03,33291.5,288321139.87
2020-01-22,8590.0,8818.0,8736.03,8682.36,26606.87,231150378.63
2020-01-23,8306.39,8691.81,8682.36,8404.52,43503.83,368015973.52
2020-01-24,8238.0,8528.02,8404.52,8439.0,37915.34,318243231.34
2020-01-25,8254.9,8451.26,8439.0,8340.58,23704.04,197715892.36
2020-01-26,8293.66,8618.13,8340.58,8615.0,28775.88,243966731.84
2020-01-27,8535.0,9000.0,8615.0,8907.57,49052.91,430022719.13
2020-01-28,8862.4,9400.0,8907.57,9374.21,67139.07,609032042.18
2020-01-29,9216.0,9449.24,9374.21,9301.53,49045.52,458185206.44
2020-01-30,9204.44,9578.0,9301.53,9513.21,55439.48,520899545.93
2020-01-31,9210.01,9530.22,9513.21,9352.89,41761.34,390349472.82
2020-02-01,9281.0,9464.53,9352.89,9384.61,26746.06,250954187.45
2020-02-02,9120.0,9477.03,9384.61,9331.51,41945.81,393069356.06
2020-02-03,9234.0,9618.79,9331.51,9292.24,46211.66,432518251.02
2020-02-04,9093.01,9350.0,9292.24,9197.02,48880.11,450356686.57
2020-02-05,9177.22,9744.45,9197.02,9612.04,59261.36,560402763.42
2020-02-06,9526.35,9862.57,9612.04,9772.0,59349.94,576799852.35
2020-02-07,9730.0,9885.0,9772.0,9813.73,40374.42,395553053.5
2020-02-08,9667.11,9940.0,9813.73,9895.05,39960.5,392070766.77
2020-02-09,9880.75,10166.0,9895.05,10151.75,39817.75,401252974.18
2020-02-10,9756.0,10188.0,10151.75,9851.83,53866.71,533579979.93
2020-02-11,9700.0,10323.59,9851.83,10223.08,56258.38,563151083.45
2020-02-12,10223.08,10450.0,10223.08,10326.46,55160.49,569404621.3
2020-02-13,10080.0,10500.0,10326.46,10229.63,70225.77,721834854.0
2020-02-14,10111.37,10381.56,10229.63,10344.36,43024.5,441284907.11
2020-02-15,9801.0,10375.0,10344.36,9904.72,38225.68,386941941.13
2020-02-16,9638.12,10050.0,9904.72,9917.27,54058.8,533803666.97
2020-02-17,9452.67,9964.16,9917.27,9706.0,63050.14,610248386.2
2020-02-18,9576.01,10250.0,9706.0,10164.71,63790.89,629501237.49
2020-02-19,9350.0,10250.0,10164.71,9593.79,49147.48,488101944.43
2020-02-20,9400.0,9699.0,9593.79,9596.42,54231.78,519348208.84
2020-02-21,9550.21,9755.51,9596.42,9677.05,38430.85,371982905.01
2020-02-22,9560.02,9709.17,9677.05,9650.86,23022.78,221985357.42
2020-02-23,9645.0,9990.0,9650.86,9936.4,34442.06,339649718.72
2020-02-24,9473.56,9990.0,9936.4,9656.13,49996.67,485727423.88
2020-02-25,9250.0,9675.0,9656.13,9315.84,49267.24,466601727.79
2020-02-26,8633.63,9377.44,9315.84,8785.25,81913.46,738703381.02
2020-02-27,8531.0,8971.77,8785.25,8823.21,64744.22,569020533.94
2020-02-28,8445.0,8900.0,8823.21,8692.91,63915.27,553072839.45
2020-02-29,8523.55,8790.0,8692.91,8523.61,33946.24,294303059.74
2020-03-01,8411.0,8750.0,8523.61,8531.88,40093.04,343204951.47
2020-03-02,8498.0,8965.75,8531.88,8915.24,54638.61,478440593.36
2020-03-03,8651.0,8919.65,8915.24,8760.07,49980.86,438767223.35
2020-03-04,8660.0,8848.29,8760.07,8750.87,35610.41,311813642.76
2020-03-05,8746.54,9159.42,8750.87,9054.68,58201.87,524102029.2
2020-03-06,8985.5,9170.0,9054.68,9131.88,43782.95,397598476.42
2020-03-07,8835.0,9188.0,9131.88,8886.66,45422.2,409983263.79
2020-03-08,8000.0,8886.76,8886.66,8033.31,77537.32,656931544.78
2020-03-09,7632.01,8179.31,8033.31,7929.87,116968.86,918787729.09
2020-03-10,7728.01,8149.0,7929.87,7894.56,86783.44,689700153.45
2020-03-11,7590.0,7980.0,7894.56,7934.52,79942.41,624465167.36
2020-03-12,4410.0,7966.17,7934.52,4800.0,261505.61,1628590104.22
2020-03-13,3782.13,5955.0,4800.0,5578.6,402201.67,2063819540.64
2020-03-14,5055.13,5640.52,5578.6,5172.06,136910.14,736651880.92
2020-03-15,5093.1,5940.0,5172.06,5361.3,139916.15,753755706.43
2020-03-16,4442.12,5365.42,5361.3,5028.97,227276.92,1113690309.1
2020-03-17,4921.45,5525.0,5028.97,5312.64,150089.93,793147908.27
2020-03-18,5009.37,5436.17,5312.64,5393.04,137127.63,719748122.45
2020-03-19,5252.53,6400.0,5393.04,6162.37,199020.87,1164739707.51
2020-03-20,5670.0,6900.0,6162.37,6208.36,219298.33,1401734013.18
2020-03-21,5860.02,6456.98,6208.36,6186.98,128913.67,794962136.64
2020-03-22,5734.01,6407.87,6186.98,5816.19,119115.99,722895653.51
2020-03-23,5688.0,6600.0,5816.19,6467.31,164674.22,1015525672.07
2020-03-24,6371.33,6833.0,6467.31,6744.72,151138.01,1001890515.24
2020-03-25,6450.0,6957.96,6744.72,6677.43,132155.73,880250736.91
2020-03-26,6510.0,6780.0,6677.43,6737.36,83026.56,552537189.48
2020-03-27,6261.0,6842.59,6737.36,6359.11,82914.97,551326113.86
2020-03-28,6024.0,6360.0,6359.11,6236.65,93159.69,577986706.13
2020-03-29,5866.56,6266.0,6236.65,5881.42,63311.63,383707122.5
2020-03-30,5857.76,6599.0,5881.42,6394.38,118889.55,747569726.45
2020-03-31,6321.4,6523.23,6394.38,6410.44,72337.6,465780496.62
2020-04-01,6150.11,6679.94,6410.44,6642.92,97500.75,618527468.83
2020-04-02,6551.0,7198.0,6642.92,6794.09,149299.91,1014494762.44
2020-04-03,6602.1,7048.0,6794.09,6734.1,104080.28,710254017.1
2020-04-04,6650.01,6990.41,6734.1,6856.99,71387.02,484271784.72
2020-04-05,6677.52,6895.54,6856.99,6772.78,49685.36,337062083.0
2020-04-06,6765.0,7355.14,6772.78,7329.9,118052.0,837357664.65
2020-04-07,7077.0,7459.69,7329.9,7197.32,103585.17,757201786.7
2020-04-08,7150.0,7420.0,7197.32,7361.28,76059.15,555122600.28
2020-04-09,7108.08,7371.92,7361.28,7283.54,61094.87,444741085.9
2020-04-10,6739.98,7295.75,7283.54,6858.92,104674.62,727281590.77
2020-04-11,6760.0,6944.3,6858.92,6876.83,45470.29,311699573.52
2020-04-12,6780.0,7177.0,6876.83,6903.79,73868.67,516235035.19
2020-04-13,6575.0,6903.79,6903.79,6837.91,96415.48,649390681.25
2020-04-14,6754.28,6978.0,6837.91,6868.7,69068.62,474794776.19
2020-04-15,6605.0,6933.0,6868.7,6621.24,61571.38,416947490.62
2020-04-16,6468.27,7190.0,6621.24,7101.94,125009.86,865277543.39
2020-04-17,6972.98,7148.12,7101.94,7027.55,54126.51,382334236.17
2020-04-18,7014.4,7293.08,7027.55,7248.6,49488.54,354845083.78
2020-04-19,7055.6,7266.15,7248.6,7120.74,45664.86,326485586.93
2020-04-20,6751.0,7220.0,7120.74,6826.83,90149.49,629612368.75
2020-04-21,6762.0,6940.0,6826.83,6841.37,60109.71,411800606.08
2020-04-22,6818.0,7156.38,6841.37,7125.14,61486.38,431271646.18
2020-04-23,7020.0,7738.0,7125.14,7482.39,102773.57,756320213.59
2020-04-24,7388.0,7615.96,7482.39,7505.0,60182.12,452118137.79
2020-04-25,7431.07,7705.0,7505.0,7538.67,43874.43,331292050.77
2020-04-26,7480.0,7700.0,7538.67,7693.1,50522.62,384202783.27
2020-04-27,7606.0,7792.02,7693.1,7774.62,65441.34,504025811.65
2020-04-28,7659.12,7780.0,7774.62,7738.98,46302.75,357391780.93
2020-04-29,7710.05,8952.89,7738.98,8778.57,183546.89,1536390177.04
2020-04-30,8401.0,9460.0,8778.57,8620.0,206277.21,1839283907.46
2020-05-01,8613.56,9059.18,8620.0,8826.96,91468.82,805640126.63
2020-05-02,8753.0,9010.0,8826.96,8972.05,59002.09,523838859.54
2020-05-03,8712.0,9200.0,8972.05,8894.16,90126.07,808427095.93
2020-05-04,8522.0,8950.0,8894.16,8871.96,84418.51,738343818.69
2020-05-05,8760.0,9118.58,8871.96,9021.83,76480.77,683083018.88
2020-05-06,8906.21,9395.0,9021.83,9142.92,105925.3,972793508.46
2020-05-07,9021.0,10067.0,9142.92,9986.4,147154.61,1409783462.01
2020-05-08,9705.0,10035.96,9986.4,9800.01,100683.8,997005843.74
2020-05-09,9520.0,9914.25,9800.01,9539.4,81950.68,795001351.68
2020-05-10,8117.0,9574.83,9539.4,8722.77,183865.18,1594996476.98
2020-05-11,8200.0,9168.0,8722.77,8561.52,168807.25,1468392820.76
2020-05-12,8528.78,8978.26,8561.52,8810.79,86522.78,760195457.05
2020-05-13,8792.99,9398.0,8810.79,9309.37,92466.27,839725719.96
2020-05-14,9256.76,9939.0,9309.37,9791.98,129565.38,1247456797.82
2020-05-15,9150.0,9845.62,9791.98,9316.42,115890.76,1099721375.89
2020-05-16,9220.0,9588.0,9316.42,9381.27,59587.63,560547005.03
2020-05-17,9322.1,9888.0,9381.27,9680.04,68647.76,663088800.82
2020-05-18,9464.23,9950.0,9680.04,9733.93,82006.6,797622297.33
2020-05-19,9474.0,9897.21,9733.93,9775.53,78539.76,760713946.01
2020-05-20,9326.0,9842.0,9775.53,9511.43,74923.74,721190802.76
2020-05-21,8815.0,9578.47,9511.43,9068.65,108928.78,1002046265.94
2020-05-22,8933.52,9271.0,9068.65,9170.0,58943.13,537847834.5
2020-05-23,9070.0,9307.85,9170.0,9179.15,43526.3,400407195.63
2020-05-24,8700.0,9298.0,9179.15,8720.34,70379.87,636787240.37
2020-05-25,8642.72,8979.66,8720.34,8900.35,62833.91,553545285.91
2020-05-26,8700.0,9017.67,8900.35,8841.18,58299.77,516455128.89
2020-05-27,8811.73,9225.0,8841.18,9204.07,68910.36,624660855.78
2020-05-28,9110.0,9625.47,9204.07,9575.89,74110.79,693930106.18
2020-05-29,9330.0,9605.26,9575.89,9427.07,57374.36,542758086.61
2020-05-30,9331.23,9740.0,9427.07,9697.72,55665.27,530598690.07
2020-05-31,9381.41,9700.0,9697.72,9448.27,48333.79,461272298.85
2020-06-01,9421.67,10380.0,9448.27,10200.77,76649.13,749707596.66
2020-06-02,9266.0,10228.99,10200.77,9518.04,108970.77,1070060237.13
2020-06-03,9365.21,9690.0,9518.04,9666.24,46252.64,441928818.04
2020-06-04,9450.0,9881.63,9666.24,9789.06,57456.1,557234945.65
2020-06-05,9581.0,9854.75,9789.06,9621.16,47788.05,465200788.2
2020-06-06,9531.05,9735.0,9621.16,9666.3,32752.95,315604867.24
2020-06-07,9372.46,9802.0,9666.3,9746.99,57952.85,556919603.79
2020-06-08,9633.0,9800.0,9746.99,9782.01,40664.66,395459395.82
2020-06-09,9570.0,9877.0,9782.01,9772.43,46024.0,447208895.84
2020-06-10,9704.18,9992.72,9772.43,9885.0,47130.76,462384305.35
2020-06-11,9113.0,9964.0,9885.0,9280.4,94418.98,902075648.55
2020-06-12,9232.51,9557.12,9280.4,9465.13,50119.07,472007894.38
2020-06-13,9351.0,9494.73,9465.13,9473.34,27759.78,261673162.26
2020-06-14,9245.0,9480.99,9473.34,9342.1,30055.51,282131272.38
2020-06-15,8910.45,9495.0,9342.1,9426.02,86107.92,793518842.55
2020-06-16,9373.09,9589.0,9426.02,9525.59,52052.45,494458269.14
2020-06-17,9236.61,9565.0,9525.59,9465.14,48046.41,453209812.23
2020-06-18,9280.0,9489.0,9465.14,9386.32,37381.95,351649555.07
2020-06-19,9215.79,9438.3,9386.32,9310.23,45330.98,423086965.19
2020-06-20,9170.95,9395.0,9310.23,9358.95,30329.05,282120192.71
2020-06-21,9281.54,9422.0,9358.95,9294.69,24316.93,227467940.61
2020-06-22,9277.09,9780.0,9294.69,9685.69,57895.47,550995799.07
2020-06-23,9577.03,9720.0,9685.69,9624.89,41031.03,395487616.46
2020-06-24,9208.0,9670.0,9624.89,9296.49,61571.56,579426702.8
2020-06-25,9009.69,9340.0,9296.49,9249.49,55831.62,514396747.4
2020-06-26,9045.45,9298.0,9249.49,9162.21,50292.3,461347064.83
2020-06-27,8833.0,9196.24,9162.21,9012.0,46290.93,419606802.24
2020-06-28,8948.06,9191.0,9012.0,9116.35,30688.18,278721674.92
2020-06-29,9024.67,9238.0,9116.35,9192.56,42120.29,384206326.47
2020-06-30,9064.89,9205.0,9192.56,9138.55,31463.16,287781334.52
2020-07-01,9080.1,9292.0,9138.55,9232.0,38488.53,354087627.17
2020-07-02,8940.0,9261.96,9232.0,9086.54,45725.17,417724468.89
2020-07-03,9037.47,9125.0,9086.54,9058.26,28943.42,263123750.47
2020-07-04,9040.04,9190.0,9058.26,9135.46,26441.97,240576054.92
2020-07-05,8893.03,9145.24,9135.46,9069.41,34073.65,308410443.66
2020-07-06,9055.92,9375.0,9069.41,9344.2,54463.13,502548376.21
2020-07-07,9203.0,9379.42,9344.2,9257.39,34587.34,320576525.36
2020-07-08,9231.0,9470.0,9257.39,9436.06,56140.52,525344876.7
2020-07-09,9160.0,9440.79,9436.06,9232.43,48044.45,447640493.54
2020-07-10,9125.0,9317.48,9232.43,9288.34,38295.49,352238898.77
2020-07-11,9178.25,9299.28,9288.34,9234.03,22561.37,208410250.51
2020-07-12,9157.5,9345.0,9234.03,9302.75,30872.7,285591381.49
2020-07-13,9200.89,9343.82,9302.75,9242.62,42740.07,396614086.8
2020-07-14,9113.0,9279.54,9242.62,9255.85,45772.55,421789086.45
2020-07-15,9160.57,9276.49,9255.85,9197.6,39053.58,360201683.5
2020-07-16,9047.25,9226.15,9197.6,9133.72,43375.57,395883667.03
2020-07-17,9089.81,9186.83,9133.72,9154.32,28054.36,256360345.58
2020-07-18,9121.1,9219.3,9154.32,9170.28,22554.54,206628105.36
2020-07-19,9101.35,9232.27,9170.28,9208.99,26052.02,238521988.03
2020-07-20,9131.0,9221.52,9208.99,9160.78,35458.76,325297289.27
2020-07-21,9152.8,9437.73,9160.78,9390.0,60413.58,563360524.8
2020-07-22,9261.0,9544.0,9390.0,9518.16,48815.0,457776105.62
2020-07-23,9440.33,9664.0,9518.16,9603.27,51856.23,494282948.73
2020-07-24,9463.44,9637.0,9603.27,9537.8,43931.14,419240263.52
2020-07-25,9513.0,9732.9,9537.8,9700.42,40679.55,391431695.72
2020-07-26,9650.0,10111.0,9700.42,9931.54,65279.27,644607634.48
2020-07-27,9917.21,11394.86,9931.54,11029.96,150188.93,1580355372.1
2020-07-28,10565.0,11242.23,11029.96,10906.27,97267.73,1065375500.19
2020-07-29,10812.0,11342.82,10906.27,11100.53,76838.09,853242253.62
2020-07-30,10831.0,11170.0,11100.53,11099.61,60794.83,669779541.89
2020-07-31,10960.0,11444.0,11099.61,11335.46,70063.66,786344325.86
2020-08-01,11220.0,11861.0,11335.46,11801.17,85087.49,987817017.32
2020-08-02,10518.5,12123.46,11801.17,11071.35,97553.08,1105757335.53
2020-08-03,10936.0,11473.0,11071.35,11219.81,56931.84,641127593.26
2020-08-04,11000.0,11414.98,11219.81,11191.97,58629.11,658084242.68
2020-08-05,11093.0,11780.93,11191.97,11744.91,74970.26,861433645.42
2020-08-06,11562.5,11900.0,11744.91,11762.46,63529.09,746479211.72
2020-08-07,11322.0,11909.94,11762.46,11594.23,65755.93,767005529.28
2020-08-08,11512.0,11808.27,11594.23,11761.41,41858.16,489087264.36
2020-08-09,11521.97,11797.11,11761.41,11681.68,41493.07,483708602.9
2020-08-10,11450.0,12067.35,11681.68,11892.92,84952.34,1009169063.38
2020-08-11,11125.0,11935.0,11892.92,11392.08,90748.28,1049615697.14
2020-08-12,11150.0,11617.52,11392.08,11564.33,64909.61,743303608.1
2020-08-13,11270.36,11792.96,11564.33,11780.0,70132.49,809611114.21
2020-08-14,11634.03,11850.0,11780.0,11760.54,59818.85,702273220.7
2020-08-15,11680.0,11980.0,11760.54,11852.4,56237.91,667446824.06
2020-08-16,11686.0,11931.72,11852.4,11911.0,41368.24,489731524.64
2020-08-17,11769.78,12468.0,11911.0,12281.13,84734.21,1026883452.89
2020-08-18,11817.93,12387.77,12281.13,11945.01,75923.84,920402307.18
2020-08-19,11561.0,12020.08,11945.01,11754.59,73940.17,870612801.53
2020-08-20,11668.0,11888.0,11754.59,11853.55,46085.25,543576025.05
2020-08-21,11485.81,11878.0,11853.55,11531.34,64448.31,755451999.65
2020-08-22,11376.81,11686.0,11531.34,11662.96,43678.7,504305451.41
2020-08-23,11514.13,11718.07,11662.96,11648.13,37900.0,440406018.65
2020-08-24,11585.09,11824.9,11648.13,11748.2,46212.39,542298951.54
2020-08-25,11117.64,11767.85,11748.2,11318.42,69590.92,797034671.64
2020-08-26,11244.0,11539.32,11318.42,11461.43,53998.23,615452789.97
2020-08-27,11125.0,11592.2,11461.43,11330.38,63246.04,717474981.66
2020-08-28,11276.89,11542.65,11330.38,11526.91,45953.91,525606229.65
2020-08-29,11417.04,11580.02,11526.91,11465.84,32973.8,379228275.27
2020-08-30,11458.0,11719.0,11465.84,11711.16,43177.88,501375342.94
2020-08-31,11570.0,11800.77,11711.16,11649.51,55353.62,646723855.57
2020-09-01,11515.0,12050.85,11649.51,11921.97,78148.19,928047313.49
2020-09-02,11160.1,11954.57,11921.97,11388.54,87221.85,1005391012.14
2020-09-03,9960.8,11462.6,11388.54,10140.85,121950.11,1325106403.31
2020-09-04,9875.5,10627.05,10140.85,10446.25,92733.6,959925718.35
2020-09-05,9825.0,10565.68,10446.25,10166.69,90001.61,917578408.88
2020-09-06,9994.86,10347.14,10166.69,10256.2,56368.79,574903000.23
2020-09-07,9875.0,10410.75,10256.2,10373.44,62620.23,634278537.82
2020-09-08,9850.0,10438.0,10373.44,10126.65,73491.84,742947562.18
2020-09-09,9981.01,10343.0,10126.65,10219.2,49347.11,503082625.22
2020-09-10,10070.83,10483.35,10219.2,10336.87,58253.75,602390078.49
2020-09-11,10200.0,10397.6,10336.87,10387.89,43830.25,451241002.66
2020-09-12,10269.25,10477.97,10387.89,10440.92,35379.15,366912671.44
2020-09-13,10200.0,10580.11,10440.92,10332.83,43837.61,455338605.33
2020-09-14,10212.34,10750.0,10332.83,10671.77,67059.29,706175591.39
2020-09-15,10606.48,10930.04,10671.77,10785.31,61822.45,666457161.15
2020-09-16,10661.22,11093.0,10785.31,10954.01,64991.51,708644989.48
2020-09-17,10745.83,11045.46,10954.01,10939.99,55601.61,605010288.78
2020-09-18,10812.84,11038.03,10939.99,10933.39,47266.73,516147935.67
2020-09-19,10887.37,11179.79,10933.39,11080.65,38440.04,423651901.16
2020-09-20,10723.0,11080.65,11080.65,10920.28,39157.92,426815210.76
2020-09-21,10296.35,10988.86,10920.28,10417.22,70683.43,751020795.24
2020-09-22,10353.0,10572.71,10417.22,10529.61,43985.47,460302252.13
2020-09-23,10136.82,10537.15,10529.61,10241.46,51876.57,539362015.16
2020-09-24,10190.93,10795.24,10241.46,10736.32,57676.62,604520870.06
2020-09-25,10556.24,10760.53,10736.32,10686.67,48101.12,512647249.15
2020-09-26,10644.68,10820.94,10686.67,10728.6,28420.84,304511477.68
2020-09-27,10594.82,10799.0,10728.6,10774.25,30549.48,327169249.45
2020-09-28,10626.0,10950.0,10774.25,10696.12,50095.25,544463219.6
2020-09-29,10635.87,10867.54,10696.12,10840.48,41874.9,449345822.46
2020-09-30,10665.13,10849.34,10840.48,10776.59,39596.03,425279696.29
2020-10-01,10437.0,10920.0,10776.59,10619.13,60866.33,652168989.46
2020-10-02,10374.0,10664.64,10619.13,10570.4,50130.39,526864379.31
2020-10-03,10496.46,10603.56,10570.4,10542.06,22298.22,235160884.61
2020-10-04,10517.87,10696.87,10542.06,10666.63,23212.0,246252050.91
2020-10-05,10615.64,10798.0,10666.63,10792.21,34025.76,364158510.24
2020-10-06,10525.0,10800.0,10792.21,10599.66,48674.74,520051256.08
2020-10-07,10546.17,10681.87,10599.66,10666.39,32811.99,348298562.86
2020-10-08,10530.41,10950.0,10666.39,10925.57,51959.69,559311760.44
2020-10-09,10829.0,11104.64,10925.57,11050.64,48240.07,530822321.52
2020-10-10,11050.51,11491.0,11050.64,11293.22,43648.04,494785212.23
2020-10-11,11221.0,11445.0,11293.22,11369.02,29043.85,329927755.04
2020-10-12,11172.0,11720.01,11369.02,11528.25,52825.28,604779845.79
2020-10-13,11300.0,11557.0,11528.25,11420.56,42205.28,482663390.72
2020-10-14,11280.0,11547.98,11420.56,11417.89,41415.11,472007015.72
2020-10-15,11250.83,11617.34,11417.89,11505.12,48760.72,556436445.56
2020-10-16,11200.0,11541.15,11505.12,11319.32,48797.75,553211001.61
2020-10-17,11255.0,11402.42,11319.32,11360.2,22368.92,253582775.96
2020-10-18,11346.22,11505.0,11360.2,11503.14,23284.04,266150824.35
2020-10-19,11407.96,11823.99,11503.14,11751.47,47414.53,550728683.8
2020-10-20,11677.59,12038.38,11751.47,11909.99,62129.57,737363649.0
2020-10-21,11886.95,13217.68,11909.99,12780.96,114584.46,1437122186.63
2020-10-22,12678.08,13185.0,12780.96,12968.52,70038.82,905778888.87
2020-10-23,12720.08,13027.69,12968.52,12923.07,50387.0,650680239.11
2020-10-24,12870.0,13166.73,12923.07,13111.73,35952.21,468299521.77
2020-10-25,12888.0,13350.0,13111.73,13028.83,38481.58,502672049.23
2020-10-26,12765.0,13238.81,13028.83,13052.19,60951.67,794395722.45
2020-10-27,13019.87,13789.29,13052.19,13636.17,80811.02,1085403903.13
2020-10-28,12888.0,13859.48,13636.17,13266.4,94440.56,1263487952.99
2020-10-29,12920.77,13642.91,13266.4,13455.7,74872.6,997867948.86
2020-10-30,13115.0,13669.98,13455.7,13560.1,70657.78,946818817.56
2020-10-31,13411.5,14100.0,13560.1,13791.0,67339.24,927048458.54
2020-11-01,13603.0,13895.0,13791.0,13761.5,36285.65,499124369.08
2020-11-02,13195.05,13830.0,13761.5,13549.37,64566.42,873629993.83
2020-11-03,13284.99,14066.11,13549.37,14023.53,74115.63,1009402087.71
2020-11-04,13525.0,14259.0,14023.53,14144.01,93016.99,1293872665.42
2020-11-05,14093.56,15750.0,14144.01,15590.02,143741.52,2131865609.29
2020-11-06,15166.0,15960.0,15590.02,15579.92,122618.2,1909660728.82
2020-11-07,14344.22,15753.52,15579.92,14818.3,101431.21,1536510177.09
2020-11-08,14703.88,15650.0,14818.3,15475.1,65547.18,998031373.84
2020-11-09,14805.54,15840.0,15475.1,15328.41,108976.33,1670447935.51
2020-11-10,15072.46,15460.0,15328.41,15297.21,61681.92,943615126.09
2020-11-11,15272.68,15965.0,15297.21,15684.24,78469.75,1226425496.36
2020-11-12,15440.64,16340.7,15684.24,16291.86,102196.36,1628755508.67
2020-11-13,15952.35,16480.0,16291.86,16320.7,75691.88,1230358611.12
2020-11-14,15670.0,16326.99,16320.7,16070.45,59116.35,944765868.61
2020-11-15,15774.72,16180.0,16070.45,15957.0,43596.84,696651729.75
2020-11-16,15864.0,16880.0,15957.0,16713.57,81300.68,1335728013.9
2020-11-17,16538.0,17858.82,16713.57,17659.38,115221.4,1982752071.45
2020-11-18,17214.45,18476.93,17659.38,17776.12,149019.79,2663337935.5
2020-11-19,17335.65,18179.8,17776.12,17802.82,93009.56,1656794228.85
2020-11-20,17740.04,18815.22,17802.82,18655.67,88423.02,1623135138.59
2020-11-21,18308.58,18965.9,18655.67,18703.8,75577.46,1413641591.28
2020-11-22,17610.86,18750.0,18703.8,18414.43,81645.74,1497662550.06
2020-11-23,18000.0,18766.0,18414.43,18368.0,82961.51,1529064319.67
2020-11-24,18018.0,19418.97,18368.0,19160.01,113581.51,2145301450.46
2020-11-25,18500.27,19484.21,19160.01,18719.11,93266.58,1774870796.29
2020-11-26,16188.0,18915.03,18719.11,17149.47,181004.62,3127303505.55
2020-11-27,16438.08,17457.62,17149.47,17139.52,85297.02,1446670351.44
2020-11-28,16865.56,17880.49,17139.52,17719.85,64910.7,1128061605.11
2020-11-29,17517.0,18360.05,17719.85,18184.99,55329.02,996743798.86
2020-11-30,18184.99,19863.16,18184.99,19695.87,115463.47,2205929119.5
2020-12-01,18001.12,19888.0,19695.87,18764.96,127698.76,2446070334.83
2020-12-02,18330.0,19342.0,18764.96,19204.09,75911.01,1436895344.83
2020-12-03,18867.2,19598.0,19204.09,19421.9,66689.39,1286548310.83
2020-12-04,18565.31,19527.0,19421.9,18650.52,71283.67,1358079975.03
2020-12-05,18500.0,19177.0,18650.52,19147.66,42922.75,813445434.13
2020-12-06,18857.0,19420.0,19147.66,19359.4,37043.09,709558933.58
2020-12-07,18902.88,19420.91,19359.4,19166.9,41372.3,793517668.68
2020-12-08,18200.0,19294.84,19166.9,18324.11,61626.95,1160658077.4
2020-12-09,17650.0,18639.57,18324.11,18541.28,79585.55,1450130664.07
2020-12-10,17911.12,18557.32,18541.28,18254.63,52890.03,966137834.4
2020-12-11,17572.33,18292.73,18254.63,18036.53,72610.72,1301081647.3
2020-12-12,18020.7,18948.66,18036.53,18808.69,49519.98,915552835.91
2020-12-13,18711.12,19411.0,18808.69,19174.99,56560.82,1083520569.1
2020-12-14,19000.0,19349.0,19174.99,19273.14,47257.2,906101687.74
2020-12-15,19050.0,19570.0,19273.14,19426.43,61834.37,1196361527.92
2020-12-16,19278.6,21560.0,19426.43,21335.52,114306.34,2325135958.64
2020-12-17,21230.0,23800.0,21335.52,22797.16,184877.51,4196530697.11
2020-12-18,22350.0,23285.18,22797.16,23107.39,79646.13,1820875361.3
2020-12-19,22750.0,24171.47,23107.39,23821.61,86045.06,2018969878.89
2020-12-20,23060.0,24295.0,23821.61,23455.52,76690.15,1810862074.73
2020-12-21,21815.0,24102.77,23455.52,22719.71,88030.3,2035446293.93
2020-12-22,22353.4,23837.1,22719.71,23810.79,87033.13,2010758620.24
2020-12-23,22600.0,24100.0,23810.79,23232.76,119047.26,2797688007.07
2020-12-24,22703.42,23794.43,23232.76,23729.2,69013.83,1602394244.08
2020-12-25,23433.6,24789.86,23729.2,24712.47,79519.94,1919766316.67
2020-12-26,24500.0,26867.03,24712.47,26493.39,97806.51,2496533065.17
2020-12-27,25700.0,28422.0,26493.39,26281.66,148455.59,4028928683.88
2020-12-28,26101.0,27500.0,26281.66,27079.41,79721.74,2151806808.57
2020-12-29,25880.0,27410.0,27079.41,27385.0,69411.59,1851617219.77
2020-12-30,27320.0,28996.0,27385.0,28875.54,95356.06,2683953237.47
2020-12-31,27850.0,29300.0,28875.54,28923.63,75508.51,2173600125.42
2021-01-01,28624.57,29600.0,28923.63,29331.69,54182.93,1582526989.17
2021-01-02,28946.53,33300.0,29331.69,32178.33,129993.87,4073842163.67
2021-01-03,31962.99,34778.11,32178.33,33000.05,120957.57,4057598425.49
2021-01-04,28130.0,33600.0,33000.05,31988.71,140899.89,4429010349.7
2021-01-05,29900.0,34360.0,31988.71,33949.53,116050.0,3743617144.65
2021-01-06,33288.0,36939.21,33949.53,36769.36,127139.2,4431954248.52
2021-01-07,36300.0,40365.0,36769.36,39432.28,132825.7,5062569943.38
2021-01-08,36500.0,41950.0,39432.28,40582.81,139789.96,5568443208.74
2021-01-09,38720.0,41380.0,40582.81,40088.22,75785.98,3054779029.17
2021-01-10,35111.11,41350.0,40088.22,38150.02,118209.54,4604034729.51
2021-01-11,30420.0,38264.74,38150.02,35404.47,251156.14,8497730017.9
2021-01-12,32531.0,36628.0,35404.47,34051.24,133948.15,4651302423.49
2021-01-13,32380.0,37850.0,34051.24,37371.38,124477.91,4322876606.42
2021-01-14,36701.23,40100.0,37371.38,39144.5,102950.39,3974826638.14
2021-01-15,34408.0,39747.76,39144.5,36742.22,118298.63,4371505823.29
2021-01-16,35357.8,37950.0,36742.22,35994.98,86348.43,3178840336.15
2021-01-17,33850.0,36852.5,35994.98,35828.61,80156.68,2843065561.37
2021-01-18,34800.0,37469.83,35828.61,36631.27,70697.8,2554831751.04
2021-01-19,35844.06,37850.0,36631.27,35891.49,79611.31,2935348499.34
2021-01-20,33400.0,36415.31,35891.49,35468.23,89368.42,3126721093.52
2021-01-21,30071.0,35600.0,35468.23,30850.13,135001.75,4386710052.19
2021-01-22,28850.0,33826.53,30850.13,32945.17,142971.68,4483295872.03
2021-01-23,31390.16,33456.0,32945.17,32078.0,64595.29,2089098295.76
2021-01-24,30900.0,33071.0,32078.0,32259.9,57978.04,1864609665.37
2021-01-25,31910.0,34875.0,32259.9,32254.2,88498.78,2958743807.98
2021-01-26,30837.37,32921.88,32254.2,32467.77,84972.21,2708545364.5
2021-01-27,29241.72,32557.29,32467.77,30366.15,95911.96,2958081421.63
2021-01-28,29842.1,33783.98,30366.15,33364.86,92621.15,2953553214.06
2021-01-29,31915.4,38531.9,33364.86,34252.2,231827.01,8195593336.22
2021-01-30,32825.0,34933.0,34252.2,34262.88,84889.68,2884500062.94
2021-01-31,32171.67,34342.69,34262.88,33092.98,68741.23,2289606505.18
2021-02-01,32296.16,34717.27,33092.98,33526.37,82717.94,2791765478.89
2021-02-02,33418.0,35984.33,33526.37,35466.24,78056.66,2716321896.32
2021-02-03,35362.38,37662.63,35466.24,37618.87,80784.33,2951232788.18
2021-02-04,36161.95,38708.27,37618.87,36936.66,92080.74,3452669022.15
2021-02-05,36570.0,38310.12,36936.66,38290.24,66681.33,2509278291.75
2021-02-06,38215.94,40955.51,38290.24,39186.94,98757.31,3922095148.92
2021-02-07,37351.0,39700.0,39186.94,38795.69,84363.68,3256521384.24
2021-02-08,37988.89,46794.45,38795.69,46374.87,138597.54,5881536976.63
2021-02-09,44961.09,48142.19,46374.87,46420.42,115499.86,5386255398.02
2021-02-10,43727.0,47310.0,46420.42,44807.58,97154.18,4431650130.25
2021-02-11,43994.02,48678.9,44807.58,47969.51,89561.08,4185630934.4
2021-02-12,46125.0,48985.8,47969.51,47287.6,85870.04,4080571908.97
2021-02-13,46202.53,48150.0,47287.6,47153.69,63768.1,3007710147.41
2021-02-14,47014.17,49707.43,47153.69,48577.79,73735.48,3584808348.84
2021-02-15,45570.79,49010.92,48577.79,47911.1,79398.16,3782219060.66
2021-02-16,47003.62,50689.18,47911.1,49133.45,88813.27,4349983777.69
2021-02-17,48947.0,52618.74,49133.45,52119.71,85743.64,4365831514.82
2021-02-18,50901.9,52530.0,52119.71,51552.6,60758.05,3149973077.49
2021-02-19,50710.2,56368.0,51552.6,55906.0,79659.78,4251167827.69
2021-02-20,53863.93,57700.46,55906.0,55841.19,80948.21,4551890859.86
2021-02-21,55477.59,58352.8,55841.19,57408.57,58166.71,3317998263.35
2021-02-22,47622.0,57508.47,57408.57,54087.67,134019.43,7213386720.43
2021-02-23,44892.56,54183.59,54087.67,48891.0,169375.03,8215839131.24
2021-02-24,46988.69,51374.99,48891.0,49676.2,91881.21,4574033001.38
2021-02-25,46674.34,52041.73,49676.2,47073.73,83310.67,4152188728.14
2021-02-26,44106.78,48424.11,47073.73,46276.87,109423.2,5086374532.73
2021-02-27,45000.0,48394.0,46276.87,46106.43,66060.83,3105897438.55
2021-02-28,43000.0,46638.46,46106.43,45135.66,83055.37,3708359965.45
2021-03-01,44950.53,49790.0,45135.66,49587.03,85086.11,4057515794.87
2021-03-02,47047.6,50200.0,49587.03,48440.65,64221.06,3120472069.91
2021-03-03,48100.71,52640.0,48440.65,50349.37,81035.91,4109521257.54
2021-03-04,47500.0,51773.88,50349.37,48374.09,82649.72,4079837240.86
2021-03-05,46300.0,49448.93,48374.09,48751.71,78192.5,3727133104.84
2021-03-06,47070.0,49200.0,48751.71,48882.2,44399.23,2143910705.29
2021-03-07,48882.2,51450.03,48882.2,50971.75,55235.03,2778875909.45
2021-03-08,49274.67,52402.78,50971.75,52375.17,66987.36,3400847931.04
2021-03-09,51789.41,54895.0,52375.17,54884.5,71656.74,3861450964.65
2021-03-10,53005.0,57387.69,54884.5,55851.59,84749.24,4700197563.36
2021-03-11,54272.82,58150.0,55851.59,57773.16,81914.81,4612366201.0
2021-03-12,54962.84,58081.51,57773.16,57221.72,73405.41,4162054726.38
2021-03-13,56078.23,61844.0,57221.72,61188.39,83245.09,4933383453.25
2021-03-14,58966.78,61724.79,61188.39,58968.31,52601.05,3176397573.89
2021-03-15,54600.0,60633.43,58968.31,55605.2,102771.43,5874241052.1
2021-03-16,53271.34,56938.29,55605.2,56900.75,77986.69,4304259207.65
2021-03-17,54123.69,58974.73,56900.75,58912.97,70421.62,3960992972.15
2021-03-18,57023.0,60129.97,58912.97,57648.16,66580.41,3900885761.22
2021-03-19,56270.74,59468.0,57648.16,58030.01,52392.65,3052711147.92
2021-03-20,57820.17,59880.0,58030.01,58102.28,44476.94,2616535093.05
2021-03-21,55450.11,58589.1,58102.28,57351.56,48564.47,2774223129.62
2021-03-22,53650.0,58430.73,57351.56,54083.25,62581.63,3527479514.34
2021-03-23,53000.0,55830.9,54083.25,54340.89,59789.37,3264650774.81
2021-03-24,51700.0,57200.0,54340.89,52303.65,83537.47,4583159614.05
2021-03-25,50427.56,53287.0,52303.65,51293.78,87400.53,4536327184.96
2021-03-26,51214.6,55073.46,51293.78,55025.59,63813.77,3397036140.75
2021-03-27,53950.0,56700.36,55025.59,55817.14,50105.48,2767070175.86
2021-03-28,54691.84,56559.75,55817.14,55777.63,39050.39,2178777329.45
2021-03-29,54800.01,58405.82,55777.63,57635.47,67857.94,3877131109.73
2021-03-30,57071.35,59368.0,57635.47,58746.57,55122.44,3221944107.46
2021-03-31,56769.0,59800.0,58746.57,58740.55,60975.54,3575976083.8
2021-04-01,57935.45,59490.0,58740.55,58720.44,47415.62,2789238879.94
2021-04-02,58428.57,60200.0,58720.44,58950.01,47382.42,2811159761.26
2021-04-03,56880.0,59791.72,58950.01,57051.94,47409.85,2783151686.16
2021-04-04,56388.0,58492.85,57051.94,58202.01,41314.08,2380139010.72
2021-04-05,56777.77,59272.0,58202.01,59129.99,54258.02,3155214764.17
2021-04-06,57413.02,59495.24,59129.99,57991.15,54201.0,3166911557.15
2021-04-07,55473.0,58655.0,57991.15,55953.45,71228.41,4053294016.49
2021-04-08,55700.0,58153.31,55953.45,58077.52,44283.15,2531779682.56
2021-04-09,57654.0,58894.9,58077.52,58142.54,40831.88,2378340697.29
2021-04-10,57900.01,61500.0,58142.54,59769.13,69906.42,4197138552.47
2021-04-11,59232.52,60699.0,59769.13,60002.43,41156.72,2462032926.62
2021-04-12,59350.59,61300.0,60002.43,59860.0,56375.04,3393042867.87
2021-04-13,59805.15,63777.77,59860.0,63575.0,82848.69,5154877375.39
2021-04-14,61301.0,64854.0,63575.0,62959.53,82616.34,5239081228.16
2021-04-15,62020.0,63800.0,62959.53,63159.98,51649.7,3248931738.29
2021-04-16,60000.0,63520.61,63159.98,61334.8,91764.14,5647292669.61
2021-04-17,59580.91,62506.05,61334.8,60006.66,58912.26,3605701810.67
2021-04-18,50931.3,60499.0,60006.66,56150.01,124882.13,6949379727.43
2021-04-19,54221.58,57526.81,56150.01,55633.14,78229.04,4398619580.66
2021-04-20,53329.96,57076.24,55633.14,56425.0,72744.48,4037701391.62
2021-04-21,53536.02,56757.91,56425.0,53787.63,66984.76,3704549578.7
2021-04-22,50500.0,55521.48,53787.63,51690.96,104656.63,5594983857.32
2021-04-23,47500.0,52131.85,51690.96,51125.14,132230.78,6571097317.47
2021-04-24,48657.14,51166.22,51125.14,50047.84,55361.51,2762081002.88
2021-04-25,46930.0,50567.91,50047.84,49066.77,58255.65,2867858315.19
2021-04-26,48753.44,54356.62,49066.77,54001.39,86310.8,4555688503.39
2021-04-27,53222.0,55460.0,54001.39,54661.93,56890.21,3104978451.95
2021-04-28,53813.16,56428.0,55011.97,54846.22,55130.46,3020242787.51
2021-04-29,52330.94,55195.84,54846.22,53555.0,52486.02,2823220335.47
2021-04-30,53013.01,57963.0,53555.0,57694.27,68578.91,3808187372.74
2021-05-01,56956.14,58458.07,57694.27,57800.37,42600.35,2460342954.86
2021-05-02,56035.25,57911.02,57800.37,56578.21,36812.88,2089763230.44
2021-05-03,56435.0,58981.44,56578.21,57169.39,57649.93,3337604542.63
2021-05-04,53046.69,57200.0,57169.39,53200.01,85324.63,4705402064.3
2021-05-05,52900.0,58069.82,53200.01,57436.11,77263.92,4327994296.15
2021-05-06,55200.0,58360.0,57436.11,56393.68,70181.67,3992289527.73
2021-05-07,55241.63,58650.0,56393.68,57314.75,74542.75,4239374487.48
2021-05-08,56900.0,59500.0,57314.75,58862.05,69709.91,4079553831.99
2021-05-09,56235.66,59300.0,58862.05,58240.84,69806.12,4043552701.51
2021-05-10,55027.18,59500.0,58240.84,55816.14,65132.75,3761211986.67
2021-05-11,54370.0,56862.43,55816.14,56670.02,64329.54,3583030654.76
2021-05-12,48600.0,58000.01,56670.02,49631.32,99842.79,5476115093.11
2021-05-13,46000.0,51367.19,49631.32,49670.97,147330.9,7303640117.52
2021-05-14,48799.75,51483.0,49670.97,49841.45,80082.2,4015904915.41
2021-05-15,46555.0,50700.0,49841.45,46762.99,79521.97,3872470203.39
2021-05-16,43825.39,49795.89,46762.99,46425.63,114269.81,5367497608.11
2021-05-17,42001.0,46686.0,46425.63,43538.04,166657.17,7346755531.93
2021-05-18,42250.02,45799.29,43538.04,42849.78,116979.86,5146670282.54
2021-05-19,30000.0,43584.9,42849.78,36690.09,354347.24,13477694934.86
2021-05-20,34850.0,42451.67,36690.09,40526.64,203017.6,8019897067.18
2021-05-21,33488.0,42200.0,40526.64,37252.01,202100.89,7713346610.27
2021-05-22,35200.62,38829.0,37252.01,37449.73,126542.24,4730567647.68
2021-05-23,31111.01,38270.64,37449.73,34655.25,217136.05,7431242463.21
2021-05-24,34031.0,39920.0,34655.25,38796.29,161630.89,5996773032.16
2021-05-25,36419.62,39791.77,38796.29,38324.72,111996.23,4253519579.38
2021-05-26,37800.44,40841.0,38324.72,39241.91,104780.77,4113717505.27
2021-05-27,37134.27,40411.14,39241.91,38529.98,86547.16,3361413526.05
2021-05-28,34684.0,38877.83,38529.98,35663.49,135377.63,4926260941.94
2021-05-29,33632.76,37338.58,35663.49,34605.15,112663.09,3949843335.32
2021-05-30,33379.0,36488.0,34605.15,35641.27,73535.39,2601994948.15
2021-05-31,34153.84,37499.0,35641.27,37253.81,94160.74,3406047734.83
2021-06-01,35666.0,37894.81,37253.81,36693.09,81234.66,2973928300.38
2021-06-02,35920.0,38225.0,36693.09,37568.68,67587.42,2523464537.78
2021-06-03,37170.0,39476.0,37568.68,39246.79,75889.11,2930945325.7
2021-06-04,35555.15,39289.07,39246.79,36829.0,91317.8,3379399754.93
2021-06-05,34800.0,37925.0,36829.0,35513.2,70459.62,2560547116.84
2021-06-06,35222.0,36480.0,35513.2,35796.31,47650.21,1711857075.05
2021-06-07,33300.0,36900.0,35796.31,33552.79,77574.95,2755673601.71
2021-06-08,31000.0,34068.01,33552.79,33380.81,123251.19,4030784324.62
2021-06-09,32396.82,37534.79,33380.81,37388.05,136607.6,4794741674.43
2021-06-10,35782.0,38491.0,37388.05,36675.72,109527.28,4062957162.38
2021-06-11,35936.77,37680.4,36675.72,37331.98,78518.17,2904970383.02
2021-06-12,34600.36,37463.63,37331.98,35546.11,87717.55,3132387326.54
2021-06-13,34757.0,39380.0,35546.11,39020.57,86921.03,3208991521.64
2021-06-14,38730.0,41064.05,39020.57,40516.29,108577.23,4322531872.99
2021-06-15,39506.4,41330.0,40516.29,40144.04,80679.62,3247746713.64
2021-06-16,38116.01,40527.14,40144.04,38349.01,87771.98,3450556041.61
2021-06-17,37365.0,39559.88,38349.01,38092.97,79541.31,3065622530.04
2021-06-18,35129.29,38202.84,38092.97,35819.84,95228.04,3507868126.31
2021-06-19,34803.52,36457.0,35819.84,35483.72,68712.45,2453817534.77
2021-06-20,33336.0,36137.72,35483.72,35600.16,89878.17,3124634336.84
2021-06-21,31251.23,35750.0,35600.16,31608.93,168778.87,5545926077.78
2021-06-22,28805.0,33298.78,31608.93,32509.56,204208.18,6406159197.08
2021-06-23,31683.0,34881.0,32509.56,33678.07,126966.1,4282250433.92
2021-06-24,32286.57,35298.0,33678.07,34663.09,86625.8,2925373222.11
2021-06-25,31275.0,35500.0,34663.09,31584.45,116061.13,3846120542.66
2021-06-26,30151.0,32730.0,31584.45,32283.65,107820.38,3376415451.79
2021-06-27,31973.45,34749.0,32283.65,34700.34,96613.24,3199980157.75
2021-06-28,33862.72,35297.71,34700.34,34494.89,82222.27,2837122779.53
2021-06-29,34225.43,36600.0,34494.89,35911.73,90788.8,3233947791.87
2021-06-30,34017.55,36100.0,35911.73,35045.0,77152.2,2688939291.1
2021-07-01,32711.0,35057.57,35045.0,33504.69,71770.38,2412890883.53
2021-07-02,32699.0,33977.04,33504.69,33786.55,56172.18,1870193042.39
2021-07-03,33316.73,34945.61,33786.55,34669.13,43044.58,1478423023.5
2021-07-04,34357.15,35967.85,34669.13,35286.51,43703.48,1544458212.4
2021-07-05,33125.55,35293.78,35286.51,33690.14,64123.87,2183406257.49
2021-07-06,33532.0,35118.88,33690.14,34220.01,58210.6,1991691100.95
2021-07-07,33777.77,35059.09,34220.01,33862.12,53853.6,1859251364.28
2021-07-08,32077.0,33929.64,33862.12,32875.71,70136.48,2304973020.3
2021-07-09,32261.07,34100.0,32875.71,33815.81,47153.94,1562958239.4
2021-07-10,33004.78,34262.0,33815.81,33502.87,34761.18,1171790111.09
2021-07-11,33306.47,34666.0,33502.87,34258.99,31572.65,1070033013.19
2021-07-12,32658.34,34678.43,34258.99,33086.63,48181.4,1620646741.33
2021-07-13,32202.25,33340.0,33086.63,32729.77,41126.36,1348583017.01
2021-07-14,31550.0,33114.03,32729.77,32820.02,46777.82,1515692074.99
2021-07-15,31133.0,33185.25,32820.02,31880.0,51639.58,1652077965.44
2021-07-16,31020.0,32249.18,31880.0,31383.87,48499.86,1538342711.58
2021-07-17,31164.31,31955.92,31383.87,31520.07,34012.24,1072815966.33
2021-07-18,31108.97,32435.0,31520.07,31778.56,35923.72,1140964365.65
2021-07-19,30407.44,31899.0,31778.56,30839.65,47340.47,1470563281.93
2021-07-20,29278.0,31063.07,30839.65,29790.35,61034.05,1821230700.02
2021-07-21,29482.61,32858.0,29790.35,32144.51,82796.27,2603140706.08
2021-07-22,31708.0,32591.35,32144.51,32287.83,46148.09,1482763544.95
2021-07-23,31924.32,33650.0,32287.83,33634.09,50112.86,1631947003.07
2021-07-24,33401.14,34500.0,33634.09,34258.14,47977.55,1625046258.44
2021-07-25,33851.12,35398.0,34258.14,35381.02,47852.93,1646935552.81
2021-07-26,35205.78,40550.0,35381.02,37237.6,152452.51,5832475057.08
2021-07-27,36383.0,39542.61,37237.6,39457.87,88450.57,3337688657.33
2021-07-28,38772.0,40900.0,39457.87,40019.56,101344.53,4040889461.66
2021-07-29,39200.0,40640.0,40019.56,40016.48,53998.44,2154190697.35
2021-07-30,38313.23,42316.71,40016.48,42206.37,73602.78,2939833541.38
2021-07-31,41000.15,42448.0,42206.37,41461.83,44849.79,1868285510.89
2021-08-01,39422.01,42599.0,41461.83,39845.44,53953.19,2227567271.49
2021-08-02,38690.0,40480.01,39845.44,39147.82,50837.35,2010928003.59
2021-08-03,37642.03,39780.0,39147.82,38207.05,57117.44,2195360658.57
2021-08-04,37508.56,39969.66,38207.05,39723.18,52329.35,2028792778.18
2021-08-05,37332.7,41350.0,39723.18,40862.46,84343.76,3314527738.34
2021-08-06,39853.86,43392.43,40862.46,42836.87,75753.94,3148022459.92
2021-08-07,42446.41,44700.0,42836.87,44572.54,73396.74,3197407326.05
2021-08-08,43261.0,45310.0,44572.54,43794.37,69329.09,3074924734.88
2021-08-09,42779.0,46454.15,43794.37,46253.4,74587.88,3362870286.26
2021-08-10,44589.46,46700.0,46253.4,45584.99,53841.49,2453701240.94
2021-08-11,45341.14,46743.47,45584.99,45511.0,52734.9,2432788769.84
2021-08-12,43770.0,46218.12,45511.0,44399.0,55266.11,2478758524.87
2021-08-13,44217.39,47886.0,44399.0,47800.0,48239.37,2239435701.12
2021-08-14,45971.03,48144.0,47800.0,47068.51,46114.36,2166461458.66
2021-08-15,45500.0,47372.27,47068.51,46973.82,42110.71,1950753713.21
2021-08-16,45660.0,48053.83,46973.82,45901.29,52478.88,2462049067.41
2021-08-17,44376.0,47160.0,45901.29,44695.95,57039.34,2616339597.92
2021-08-18,44203.28,46000.0,44695.95,44705.29,54099.42,2439673265.95
2021-08-19,43927.7,47033.0,44705.29,46760.62,53411.75,2416320067.14
2021-08-20,46622.99,49382.99,46760.62,49322.47,56850.35,2721131744.28
2021-08-21,48222.0,49757.04,49322.47,48821.87,46745.14,2290966131.38
2021-08-22,48050.0,49500.0,48821.87,49239.22,37007.89,1807169840.17
2021-08-23,49029.0,50500.0,49239.22,49488.85,52462.54,2616721363.68
2021-08-24,47600.0,49860.0,49488.85,47674.01,51014.59,2486079315.56
2021-08-25,47126.28,49264.3,47674.01,48973.32,44655.83,2149442271.53
2021-08-26,46250.0,49352.84,48973.32,46843.87,49371.28,2333900030.22
2021-08-27,46348.0,49149.93,46843.87,49069.9,42068.1,2007071230.22
2021-08-28,48346.88,49299.0,49069.9,48895.35,26681.06,1303966035.77
2021-08-29,47762.54,49632.27,48895.35,48767.83,32652.28,1588661416.36
2021-08-30,46853.0,48888.61,48767.83,46982.91,40288.35,1932344430.92
2021-08-31,46700.0,48246.11,46982.91,47100.89,48645.53,2303799571.38
2021-09-01,46512.0,49156.0,47100.89,48810.52,49904.66,2386074445.42
2021-09-02,48584.06,50450.13,48810.52,49246.64,54491.77,2708208965.53
2021-09-03,48316.84,51000.0,49246.64,49999.14,59025.64,2949574478.08
2021-09-04,49370.0,50535.69,49999.14,49915.64,34664.66,1733527136.45
2021-09-05,49450.0,51900.0,49915.64,51756.88,40544.84,2049212025.85
2021-09-06,50969.33,52780.0,51756.88,52663.9,49249.67,2549290983.06
2021-09-07,42843.05,52920.0,52663.9,46863.73,122786.79,5991686496.95
2021-09-08,44412.02,47340.99,46863.73,46048.31,65069.32,3000605793.94
2021-09-09,45513.08,47399.97,46048.31,46395.14,50651.66,2351862983.52
2021-09-10,44132.29,47033.0,46395.14,44850.91,49048.27,2243698626.04
2021-09-11,44722.22,45987.93,44850.91,45173.69,30440.41,1380370764.02
2021-09-12,44742.06,46460.0,45173.69,46025.24,32094.28,1464780920.22
2021-09-13,43370.0,46880.0,46025.24,44940.73,65429.15,2930668118.26
2021-09-14,44594.44,47250.0,44940.73,47111.52,44855.85,2072259519.06
2021-09-15,46682.32,48500.0,47111.52,48121.41,43204.71,2056996398.84
2021-09-16,47021.1,48557.0,48121.41,47737.82,40725.09,1948447232.91
2021-09-17,46699.56,48150.0,47737.82,47299.98,34461.93,1637122049.41
2021-09-18,47035.56,48843.2,47299.98,48292.74,30906.47,1491461627.95
2021-09-19,46829.18,48372.83,48292.74,47241.75,29847.24,1421642879.49
2021-09-20,42500.0,47347.25,47241.75,43015.62,78003.52,3457139274.3
2021-09-21,39600.0,43639.0,43015.62,40734.38,84534.08,3551997786.68
2021-09-22,40565.39,44000.55,40734.38,43543.61,58349.06,2482639471.91
2021-09-23,43069.09,44978.0,43543.61,44865.26,48699.58,2147211305.48
2021-09-24,40675.0,45200.0,44865.26,42810.57,84113.43,3596718231.06
2021-09-25,41646.28,42966.84,42810.57,42670.64,33594.57,1428238748.21
2021-09-26,40750.0,43950.0,42670.64,43160.9,49880.0,2124657079.28
2021-09-27,42098.0,44350.0,43160.9,42147.35,39776.84,1728912299.81
2021-09-28,40888.0,42787.38,42147.35,41026.54,43400.62,1817484830.4
2021-09-29,40753.88,42590.0,41026.54,41524.28,33511.53,1399625476.06
2021-09-30,41410.17,44141.37,41524.28,43824.1,46381.23,2005486003.56
2021-10-01,43283.03,48495.0,43824.1,48141.61,66244.87,3076094886.6
2021-10-02,47430.18,48336.59,48141.61,47634.9,30508.98,1459064880.53
2021-10-03,47088.0,49228.08,47634.9,48200.01,30825.06,1482764462.19
2021-10-04,46891.0,49536.12,48200.01,49224.94,46796.49,2258464361.12
2021-10-05,49022.4,51886.3,49224.94,51471.99,52125.67,2618101829.0
2021-10-06,50382.41,55750.0,51471.99,55315.0,79877.55,4236927265.38
2021-10-07,53357.0,55332.31,55315.0,53785.22,54917.38,2983143121.09
2021-10-08,53617.61,56100.0,53785.22,53951.43,46160.26,2522087625.1
2021-10-09,53661.67,55489.0,53951.43,54949.72,55177.08,3024862790.69
2021-10-10,54080.0,56561.31,54949.72,54659.0,89237.84,4923958325.38
2021-10-11,54415.06,57839.04,54659.0,57471.35,52933.17,2994673617.71
2021-10-12,53879.0,57680.0,57471.35,55996.93,53471.29,3017210682.9
2021-10-13,54167.19,57777.0,55996.93,57367.0,55808.44,3123307687.47
2021-10-14,56818.05,58532.54,57367.0,57347.94,43053.34,2481915791.59
2021-10-15,56850.0,62933.0,57347.94,61672.42,82512.91,4959389368.72
2021-10-16,60150.0,62378.42,61672.42,60875.57,35467.88,2173374058.81
2021-10-17,58963.0,61718.39,60875.57,61528.33,39099.24,2371696294.79
2021-10-18,59844.45,62695.78,61528.33,62009.84,51798.45,3195091233.42
2021-10-19,61322.22,64486.0,62009.84,64280.59,53628.11,3370863940.27
2021-10-20,63481.4,67000.0,64280.59,66001.41,51428.93,3362878816.4
2021-10-21,62000.0,66639.74,66001.41,62193.15,68538.65,4407757970.88
2021-10-22,60000.0,63732.39,62193.15,60688.22,52119.36,3229377744.31
2021-10-23,59562.15,61747.64,60688.22,61286.75,27626.94,1686121722.22
2021-10-24,59510.63,61500.0,61286.75,60852.22,31226.58,1889694558.95
2021-10-25,60650.0,63710.63,60852.22,63078.78,36853.84,2309339650.11
2021-10-26,59817.55,63293.48,63078.78,60328.81,40217.5,2492606133.31
2021-10-27,58000.0,61496.0,60328.81,58413.44,62124.49,3688306192.97
2021-10-28,57820.0,62499.0,58413.44,60575.89,61056.35,3677629851.06
2021-10-29,60174.81,62980.0,60575.89,62253.71,43973.9,2706090987.31
2021-10-30,60673.0,62359.25,62253.71,61859.19,31498.16,1939093765.32
2021-10-31,59945.36,62405.3,61859.19,61299.8,39267.64,2396556477.34
2021-11-01,59405.0,62437.74,61299.8,60911.11,44687.67,2737282804.74
2021-11-02,60624.68,64270.0,60911.11,63219.99,46368.28,2909221038.4
2021-11-03,60382.76,63500.0,63219.99,62896.48,43394.88,2717035940.24
2021-11-04,60677.01,63086.31,62896.48,61395.01,35930.93,2218138026.7
2021-11-05,60721.0,62595.72,61395.01,60937.12,31645.07,1945821815.73
2021-11-06,60050.0,61560.49,60937.12,61470.61,25590.57,1556774943.55
2021-11-07,61322.78,63286.35,61470.61,63273.59,25515.69,1585744720.2
2021-11-08,63273.58,67789.0,63273.59,67525.83,54442.09,3575716171.04
2021-11-09,66222.4,68524.25,67525.83,66947.66,44661.38,3014326962.08
2021-11-10,62822.9,69000.0,66947.66,64882.43,65171.5,4335575752.79
2021-11-11,64100.0,65600.07,64882.43,64774.26,37237.98,2415537333.58
2021-11-12,62278.0,65450.7,64774.26,64122.23,44490.11,2844286547.5
2021-11-13,63360.22,65000.0,64122.23,64380.0,22521.47,1443508762.94
2021-11-14,63576.27,65550.51,64380.0,65519.1,25705.07,1658473781.3
2021-11-15,63400.0,66401.82,65519.1,63606.74,37829.37,2460915922.87
2021-11-16,58574.07,63617.31,63606.74,60058.87,77455.16,4705744041.29
2021-11-17,58373.0,60840.23,60058.87,60344.87,46289.38,2767802055.2
2021-11-18,56474.26,60976.0,60344.87,56891.62,62170.04,3646175017.76
2021-11-19,55600.0,58320.0,56891.62,58052.24,50715.89,2896189975.91
2021-11-20,57353.0,59845.0,58052.24,59707.51,33849.91,1984926886.31
2021-11-21,58486.65,60029.76,59707.51,58622.02,31902.23,1886578154.52
2021-11-22,55610.0,59444.0,58622.02,56247.18,51724.32,2968622334.14
2021-11-23,55317.0,58009.99,56247.18,57541.27,49917.85,2837210673.49
2021-11-24,55837.0,57735.0,57541.27,57138.29,39612.05,2246374244.33
2021-11-25,57000.0,59398.9,57138.29,58960.36,42153.52,2455658857.7
2021-11-26,53500.0,59150.0,58960.36,53726.53,65927.87,3649353860.43
2021-11-27,53610.0,55280.0,53726.53,54721.03,29717.0,1623173123.49
2021-11-28,53256.64,57445.05,54721.03,57274.88,36163.71,1982198373.53
2021-11-29,56666.67,58865.97,57274.88,57776.25,40125.28,2313371348.11
2021-11-30,55875.55,59176.99,57776.25,56950.56,49161.05,2823644073.02
2021-12-01,56458.01,59053.55,56950.56,57184.07,44956.64,2584928714.08
2021-12-02,55777.77,57375.47,57184.07,56480.34,37574.06,2127110102.11
2021-12-03,51680.0,57600.0,56480.34,53601.05,58960.1,3248015270.28
2021-12-04,42000.3,53859.1,53601.05,49152.47,114203.37,5495712061.97
2021-12-05,47727.21,49699.05,49152.47,49396.33,45580.82,2231486105.85
2021-12-06,47100.0,50891.11,49396.33,50441.92,58571.22,2851528919.18
2021-12-07,50039.74,51936.33,50441.92,50588.95,38253.47,1950573500.21
2021-12-08,48600.0,51200.0,50588.95,50471.19,38425.92,1925458787.11
2021-12-09,47320.0,50797.76,50471.19,47545.59,37692.69,1841474998.89
2021-12-10,46852.0,50125.0,47545.59,47140.54,44233.57,2135023722.85
2021-12-11,46751.0,49485.71,47140.54,49389.99,28889.19,1397524635.58
2021-12-12,48638.0,50777.0,49389.99,50053.9,26017.93,1292315883.62
2021-12-13,45672.75,50189.97,50053.9,46702.75,50869.52,2423888500.79
2021-12-14,46290.0,48700.41,46702.75,48343.28,39977.09,1888424858.89
2021-12-15,46547.0,49500.0,48343.28,48864.98,51628.93,2487000702.85
2021-12-16,47511.0,49436.43,48864.98,47632.38,31975.58,1552448111.64
2021-12-17,45456.0,47995.96,47632.38,46131.2,43104.49,2015966349.52
2021-12-18,45500.0,47392.37,46131.2,46834.48,25020.05,1165205135.7
2021-12-19,46406.91,48300.01,46834.48,46681.23,29305.71,1384958598.36
2021-12-20,45558.85,47537.57,46681.23,46914.16,35848.51,1663363117.83
2021-12-21,46630.0,49328.96,46914.16,48889.88,37713.93,1827234149.06
2021-12-22,48421.87,49576.13,48889.88,48588.16,27004.2,1322418595.33
2021-12-23,47920.42,51375.0,48588.16,50838.81,35192.54,1738129830.78
2021-12-24,50384.43,51810.0,50838.81,50820.0,31684.84,1618089927.28
2021-12-25,50142.32,51156.23,50820.0,50399.66,19135.52,971491029.13
2021-12-26,49412.0,51280.0,50399.66,50775.49,22569.89,1132200241.56
2021-12-27,50449.0,52088.0,50775.49,50701.44,28792.22,1472065236.02
2021-12-28,47313.01,50704.05,50701.44,47543.74,45853.34,2242102220.93
2021-12-29,46096.99,48139.08,47543.74,46464.66,39498.87,1873785571.28
2021-12-30,45900.0,47900.0,46464.66,47120.87,30382.94,1430205779.05
2021-12-31,45678.0,48548.26,47120.87,46216.93,34938.0,1650715977.92
2022-01-01,46208.37,47954.63,46216.93,47722.65,19604.46,924155159.58
2022-01-02,46654.0,47990.0,47722.65,47286.18,18340.46,866610995.56
2022-01-03,45696.0,47570.0,47286.18,46446.1,27662.08,1292203508.32
2022-01-04,45500.0,47557.54,46446.1,45832.01,35520.89,1650557288.01
2022-01-05,42500.0,47070.0,45832.01,43451.13,51784.12,2334288544.64
2022-01-06,42430.58,43816.0,43451.13,43082.31,38912.74,1675854119.18
2022-01-07,40610.0,43145.83,43082.31,41566.48,54836.51,2293851015.46
2022-01-08,40501.0,42300.0,41566.48,41679.74,32952.73,1367233494.83
2022-01-09,41200.02,42786.7,41679.74,41864.62,22724.39,952830064.51
2022-01-10,39650.0,42248.5,41864.62,41822.49,50729.17,2088111339.5
2022-01-11,41268.93,43100.0,41822.49,42729.29,37296.44,1574803608.96
2022-01-12,42450.0,44322.0,42729.29,43902.66,33943.29,1470906437.71
2022-01-13,42311.22,44500.0,43902.66,42560.11,34910.88,1515944525.5
2022-01-14,41725.95,43448.78,42560.11,43059.96,32640.88,1392000443.35
2022-01-15,42555.0,43800.0,43059.96,43084.29,21936.06,946488263.55
2022-01-16,42581.79,43475.0,43084.29,43071.66,20602.35,887203134.05
2022-01-17,41540.42,43176.18,43071.66,42201.62,27562.09,1169381684.47
2022-01-18,41250.0,42691.0,42201.62,42352.12,29324.08,1228459687.4
2022-01-19,41138.56,42559.13,42352.12,41660.01,31685.72,1327478459.16
2022-01-20,40553.31,43505.0,41660.01,40680.91,42330.34,1784801200.4
2022-01-21,35440.45,41100.0,40680.91,36445.31,88860.89,3405501703.22
2022-01-22,34008.0,36835.22,36445.31,35071.42,90471.34,3207531048.03
2022-01-23,34601.01,36499.0,35071.42,36244.55,44279.52,1572414639.04
2022-01-24,32917.17,37550.0,36244.55,36660.35,91904.75,3192041586.1
2022-01-25,35701.0,37545.14,36660.35,36958.32,49232.4,1799224214.5
2022-01-26,36234.63,38919.98,36958.32,36809.34,69830.16,2627491976.69
2022-01-27,35507.01,37234.47,36809.34,37160.1,53049.45,1926969385.64
2022-01-28,36155.01,38000.0,37160.1,37716.56,42154.27,1560203931.22
2022-01-29,37268.44,38720.74,37716.56,38166.84,26129.5,989652387.0
2022-01-30,37351.63,38359.26,38166.84,37881.76,21430.67,812750216.6
2022-01-31,36632.61,38744.0,37881.76,38466.9,36855.25,1386754529.03
2022-02-01,38000.0,39265.2,38466.9,38694.59,34574.45,1334266166.71
2022-02-02,36586.95,38855.92,38694.59,36896.36,35794.68,1353093948.98
2022-02-03,36250.0,37387.0,36896.36,37311.61,32081.11,1179502838.66
2022-02-04,37026.73,41772.33,37311.61,41574.25,64703.96,2526572562.05
2022-02-05,40843.01,41913.69,41574.25,41382.59,32532.34,1349805515.93
2022-02-06,41116.56,42656.0,41382.59,42380.87,22405.17,934168802.88
2022-02-07,41645.85,44500.5,42380.87,43839.99,51060.62,2204523609.9
2022-02-08,42666.0,45492.0,43839.99,44042.99,64880.29,2847485971.5
2022-02-09,43117.92,44799.0,44042.99,44372.72,34428.17,1512500139.14
2022-02-10,43174.01,45821.0,44372.72,43495.44,62357.29,2772188373.22
2022-02-11,41938.51,43920.0,43495.44,42373.73,44975.17,1937866768.5
2022-02-12,41688.88,43079.49,42373.73,42217.87,26556.86,1123136004.72
2022-02-13,41870.0,42760.0,42217.87,42053.66,17732.08,750533311.65
2022-02-14,41550.56,42842.4,42053.66,42535.94,34010.13,1436927831.44
2022-02-15,42427.03,44751.4,42535.94,44544.86,38095.2,1672855933.63
2022-02-16,43307.0,44549.97,44544.86,43873.56,28471.87,1250973502.3
2022-02-17,40073.21,44164.71,43873.56,40515.7,47245.99,1993400162.95
2022-02-18,39450.0,40959.88,40515.7,39974.44,43845.92,1765622365.95
2022-02-19,39639.03,40444.32,39974.44,40079.17,18042.06,721960636.06
2022-02-20,38000.0,40125.44,40079.17,38386.89,33439.29,1293216601.45
2022-02-21,36800.0,39494.35,38386.89,37008.16,62347.68,2382027320.86
2022-02-22,36350.0,38429.0,37008.16,38230.33,53785.95,2010628230.75
2022-02-23,37036.79,39249.93,38230.33,37250.01,43560.73,1665486687.24
2022-02-24,34322.28,39843.0,37250.01,38327.21,120476.29,4335107392.01
2022-02-25,38014.37,39683.53,38327.21,39219.17,56574.57,2197889580.28
2022-02-26,38573.18,40348.45,39219.17,39116.72,29361.26,1152621719.69
2022-02-27,37000.0,39855.7,39116.72,37699.07,46229.45,1780512702.89
2022-02-28,37450.17,44225.84,37699.07,43160.0,73945.64,2975160226.16
2022-03-01,42809.98,44949.0,43160.0,44421.2,61743.1,2701611023.7
2022-03-02,43334.09,45400.0,44421.2,43892.98,57782.65,2550792948.29
2022-03-03,41832.28,44101.12,43892.98,42454.0,50940.61,2192152097.92
2022-03-04,38550.0,42527.3,42454.0,39148.66,61964.68,2527001270.72
2022-03-05,38407.59,39613.24,39148.66,39397.96,30363.13,1187689935.09
2022-03-06,38088.57,39693.87,39397.96,38420.81,39677.26,1542258009.63
2022-03-07,37155.0,39547.57,38420.81,37988.0,63994.12,2449362161.7
2022-03-08,37867.65,39362.08,37988.0,38730.63,55583.07,2149652714.8
2022-03-09,38656.45,42594.06,38730.63,41941.71,67391.73,2797204530.97
2022-03-10,38539.73,42039.63,41941.71,39422.0,71962.93,2854310740.8
2022-03-11,38223.6,40236.26,39422.0,38729.57,59018.76,2305825015.6
2022-03-12,38660.52,39486.71,38729.57,38807.36,24034.36,939663387.32
2022-03-13,37578.51,39310.0,38807.36,37777.34,32791.82,1268441605.19
2022-03-14,37555.0,39947.12,37777.34,39671.37,46945.45,1821922588.44
2022-03-15,38098.33,39887.61,39671.37,39280.33,46044.78,1797713583.98
2022-03-16,38828.48,41718.0,39280.33,41114.0,88120.76,3552563766.36
2022-03-17,40500.0,41478.82,41114.0,40917.9,37186.46,1520963580.39
2022-03-18,40135.04,42325.02,40917.9,41757.51,45408.01,1862337033.48
2022-03-19,41499.29,42400.0,41757.51,42201.13,29067.18,1216709156.44
2022-03-20,40911.0,42296.26,42201.13,41262.11,30653.33,1273880705.25
2022-03-21,40467.94,41544.22,41262.11,41002.25,39426.25,1618789548.07
2022-03-22,40875.51,43361.0,41002.25,42364.13,59454.94,2525975507.8
2022-03-23,41751.47,43025.96,42364.13,42882.76,40828.87,1725787170.58
2022-03-24,42560.46,44220.89,42882.76,43991.46,56195.12,2436258223.62
2022-03-25,43579.0,45094.14,43991.46,44313.16,54614.44,2421153187.65
2022-03-26,44071.97,44792.99,44313.16,44511.27,23041.62,1022802857.61
2022-03-27,44421.46,46999.0,44511.27,46827.76,41874.91,1907019662.34
2022-03-28,46663.56,48189.84,46827.76,47122.21,58949.26,2789898402.61
2022-03-29,46950.85,48096.47,47122.21,47434.8,42754.09,2031911291.66
2022-03-30,46445.42,47700.22,47434.8,47067.99,40947.21,1932152559.88
2022-03-31,45200.0,47600.0,47067.99,45510.34,48664.01,2263364585.73
2022-04-01,44200.0,46720.09,45510.34,46283.49,56410.85,2562893469.69
2022-04-02,45620.0,47213.0,46283.49,45811.0,37088.12,1722365938.89
2022-04-03,45530.92,47444.11,45811.0,46407.35,33451.26,1553625875.83
2022-04-04,45118.0,46890.71,46407.35,46580.51,44641.88,2053434523.87
2022-04-05,45353.81,47200.0,46580.51,45497.55,42192.75,1951668192.93
2022-04-06,43121.0,45507.14,45497.55,43170.47,60871.96,2701642974.83
2022-04-07,42727.35,43900.99,43170.47,43444.19,37396.54,1623879486.66
2022-04-08,42107.14,43970.62,43444.19,42252.01,42375.04,1830699971.61
2022-04-09,42125.48,42800.0,42252.01,42753.97,17891.66,759274586.61
2022-04-10,41868.0,43410.3,42753.97,42158.85,22771.09,971459737.5
2022-04-11,39200.0,42414.71,42158.85,39530.45,63560.45,2602039073.01
2022-04-12,39254.63,40699.0,39530.45,40074.94,57751.02,2309514071.59
2022-04-13,39588.54,41561.31,40074.94,41147.79,41342.27,1677171454.09
2022-04-14,39551.94,41500.0,41147.79,39942.38,36873.67,1497392232.32
2022-04-15,39766.4,40870.36,39942.38,40551.9,24099.9,969867713.95
2022-04-16,39991.55,40709.35,40551.9,40378.71,15833.96,639419137.96
2022-04-17,39546.17,40595.67,40378.71,39678.12,19988.49,803414248.98
2022-04-18,38536.51,41116.73,39678.12,40801.13,54243.5,2153574975.91
2022-04-19,40571.0,41760.0,40801.13,41493.18,35788.86,1472363265.36
2022-04-20,40820.0,42199.0,41493.18,41358.19,40931.61,1699276602.17
2022-04-21,39751.0,42976.0,41358.19,40480.01,59325.03,2476431220.08
2022-04-22,39177.0,40795.06,40480.01,39709.18,46664.02,1870172362.4
2022-04-23,39285.0,39980.0,39709.18,39441.6,20291.42,804677022.91
2022-04-24,38929.62,39940.0,39441.6,39450.13,26703.61,1056336243.02
2022-04-25,38200.0,40616.0,39450.13,40426.08,63037.13,2470071005.24
2022-04-26,37702.26,40797.31,40426.08,38112.65,66650.26,2615206861.84
2022-04-27,37881.31,39474.72,38112.65,39235.72,57083.12,2218523642.43
2022-04-28,38881.43,40372.63,39235.72,39742.07,56046.07,2222203325.75
2022-04-29,38175.0,39925.25,39742.07,38596.11,51453.66,2006135662.85
2022-04-30,37578.2,38795.38,38596.11,37630.8,35321.19,1354900532.14
2022-05-01,37386.38,38165.12,37630.8,37949.99,18395.31,697246659.34
